{
  "attempt": 1,
  "completed_at": "2026-06-11T15:58:32",
  "queries": 116,
  "summary": {
    "background_error_count": 0,
    "baseline_cold_queries": 46,
    "engine_ttft_ms_max": 2529.492983594537,
    "engine_ttft_ms_mean": 1172.5015437134125,
    "engine_ttft_ms_min": 103.44638675451279,
    "evidence_coverage_mean": 1.0,
    "fallback_queries": 46,
    "full_hit_queries": 17,
    "missing_evidence_queries": 0,
    "partial_hit_queries": 53,
    "queries": 116,
    "read_amplification_mean": 2.170689655172414,
    "registered_pages": 69,
    "residual_count_mean": 5.422413793103448,
    "server_ttft_ms_max": 4690.199613571167,
    "server_ttft_ms_mean": 1737.9937213042688,
    "server_ttft_ms_min": 218.61767768859863,
    "submitted_pages": 69,
    "ttft_metric": "server_request_to_first_token_ms",
    "ttft_ms_max": 4690.199613571167,
    "ttft_ms_mean": 1737.9937213042688,
    "ttft_ms_min": 218.61767768859863,
    "unique_submitted_pages": 69,
    "used_pages": 36,
    "warm_events": 70,
    "warm_page_queries": 70,
    "wasted_submitted_page_rate": 0.4782608695652174,
    "wasted_submitted_pages": 33
  },
  "task_id": "perma:user123"
}
