{
  "background_error_count": 0,
  "baseline_cold_queries": 22,
  "engine_ttft_ms_max": 2077.7282007038593,
  "engine_ttft_ms_mean": 915.0892153529352,
  "engine_ttft_ms_min": 45.74461467564106,
  "evidence_coverage_mean": 1.0,
  "fallback_queries": 22,
  "full_hit_queries": 14,
  "missing_evidence_queries": 0,
  "partial_hit_queries": 154,
  "queries": 190,
  "read_amplification_mean": 5.6410526315789475,
  "registered_pages": 166,
  "residual_count_mean": 4.1421052631578945,
  "server_ttft_ms_max": 6403.475522994995,
  "server_ttft_ms_mean": 2034.9031084462215,
  "server_ttft_ms_min": 492.71321296691895,
  "submitted_pages": 166,
  "ttft_metric": "server_request_to_first_token_ms",
  "ttft_ms_max": 6403.475522994995,
  "ttft_ms_mean": 2034.9031084462215,
  "ttft_ms_min": 492.71321296691895,
  "unique_submitted_pages": 166,
  "used_pages": 83,
  "warm_events": 168,
  "warm_page_queries": 168,
  "wasted_submitted_page_rate": 0.5,
  "wasted_submitted_pages": 83
}
