{
  "attempt": 1,
  "completed_at": "2026-06-11T10:19:41",
  "queries": 90,
  "summary": {
    "background_error_count": 0,
    "baseline_cold_queries": 12,
    "engine_ttft_ms_max": 3105.9203073382378,
    "engine_ttft_ms_mean": 951.9683630516132,
    "engine_ttft_ms_min": 41.03618487715721,
    "evidence_coverage_mean": 1.0,
    "fallback_queries": 12,
    "full_hit_queries": 21,
    "missing_evidence_queries": 0,
    "partial_hit_queries": 57,
    "queries": 90,
    "read_amplification_mean": 3.542222222222223,
    "registered_pages": 62,
    "residual_count_mean": 3.2111111111111112,
    "server_ttft_ms_max": 7424.938201904297,
    "server_ttft_ms_mean": 1826.6041437784831,
    "server_ttft_ms_min": 226.16219520568848,
    "submitted_pages": 62,
    "ttft_metric": "server_request_to_first_token_ms",
    "ttft_ms_max": 7424.938201904297,
    "ttft_ms_mean": 1826.6041437784831,
    "ttft_ms_min": 226.16219520568848,
    "unique_submitted_pages": 62,
    "used_pages": 32,
    "warm_events": 78,
    "warm_page_queries": 78,
    "wasted_submitted_page_rate": 0.4838709677419355,
    "wasted_submitted_pages": 30
  },
  "task_id": "perma:user112"
}
