{
  "background_error_count": 0,
  "baseline_cold_queries": 31,
  "engine_ttft_ms_max": 2334.987113252282,
  "engine_ttft_ms_mean": 678.214204717596,
  "engine_ttft_ms_min": 44.148427434265614,
  "evidence_coverage_mean": 1.0,
  "fallback_queries": 31,
  "full_hit_queries": 31,
  "missing_evidence_queries": 0,
  "partial_hit_queries": 137,
  "queries": 199,
  "read_amplification_mean": 6.4819095477386925,
  "registered_pages": 154,
  "residual_count_mean": 3.351758793969849,
  "server_ttft_ms_max": 6825.804948806763,
  "server_ttft_ms_mean": 1860.5734247658122,
  "server_ttft_ms_min": 533.7181091308594,
  "submitted_pages": 154,
  "ttft_metric": "server_request_to_first_token_ms",
  "ttft_ms_max": 6825.804948806763,
  "ttft_ms_mean": 1860.5734247658122,
  "ttft_ms_min": 533.7181091308594,
  "unique_submitted_pages": 154,
  "used_pages": 74,
  "warm_events": 168,
  "warm_page_queries": 168,
  "wasted_submitted_page_rate": 0.5194805194805194,
  "wasted_submitted_pages": 80
}
