{
  "attempt": 1,
  "completed_at": "2026-06-11T19:27:43",
  "queries": 199,
  "summary": {
    "background_error_count": 0,
    "baseline_cold_queries": 20,
    "engine_ttft_ms_max": 2141.1623200401664,
    "engine_ttft_ms_mean": 801.5435671377646,
    "engine_ttft_ms_min": 43.76622010022402,
    "evidence_coverage_mean": 1.0,
    "fallback_queries": 20,
    "full_hit_queries": 32,
    "missing_evidence_queries": 0,
    "partial_hit_queries": 147,
    "queries": 199,
    "read_amplification_mean": 5.580402010050252,
    "registered_pages": 161,
    "residual_count_mean": 3.28643216080402,
    "server_ttft_ms_max": 6131.481409072876,
    "server_ttft_ms_mean": 1880.6609795920215,
    "server_ttft_ms_min": 436.002254486084,
    "submitted_pages": 161,
    "ttft_metric": "server_request_to_first_token_ms",
    "ttft_ms_max": 6131.481409072876,
    "ttft_ms_mean": 1880.6609795920215,
    "ttft_ms_min": 436.002254486084,
    "unique_submitted_pages": 161,
    "used_pages": 89,
    "warm_events": 179,
    "warm_page_queries": 179,
    "wasted_submitted_page_rate": 0.4472049689440994,
    "wasted_submitted_pages": 72
  },
  "task_id": "locomo:conv-26"
}
