{
  "cases": {
    "a_chunked": {
      "background": {
        "client_duration_ms_mean": 4127.691256813705,
        "client_duration_ms_p50": 4185.7388177886605,
        "client_duration_ms_p90": 4213.056072779,
        "client_duration_ms_p95": 4216.470729652792,
        "engine_ttft_ms_mean": 2817.7546793594956,
        "engine_ttft_ms_p50": 2816.429684869945,
        "engine_ttft_ms_p90": 2823.7741788849235,
        "engine_ttft_ms_p95": 2824.6922406367958,
        "estimated_bg_effective_client_ms": 3895.8599915107093,
        "estimated_bg_effective_engine_ms": 2688.738934074839,
        "estimated_bg_effective_server_ms": 3874.6928373972573,
        "ok_rows": 3,
        "pre_scheduler_delay_ms_mean": 1284.8292058333755,
        "pre_scheduler_delay_ms_p50": 1334.4105258584023,
        "pre_scheduler_delay_ms_p90": 1373.9808216691017,
        "pre_scheduler_delay_ms_p95": 1378.9271086454391,
        "rows": 3,
        "server_ttft_ms_mean": 4102.583885192871,
        "server_ttft_ms_p50": 4160.02082824707,
        "server_ttft_ms_p90": 4188.082122802734,
        "server_ttft_ms_p95": 4191.589784622192
      },
      "fake_background": {
        "client_duration_ms_mean": null,
        "client_duration_ms_p50": null,
        "client_duration_ms_p90": null,
        "client_duration_ms_p95": null,
        "engine_ttft_ms_mean": null,
        "engine_ttft_ms_p50": null,
        "engine_ttft_ms_p90": null,
        "engine_ttft_ms_p95": null,
        "ok_rows": 0,
        "pre_scheduler_delay_ms_mean": null,
        "pre_scheduler_delay_ms_p50": null,
        "pre_scheduler_delay_ms_p90": null,
        "pre_scheduler_delay_ms_p95": null,
        "rows": 0,
        "server_ttft_ms_mean": null,
        "server_ttft_ms_p50": null,
        "server_ttft_ms_p90": null,
        "server_ttft_ms_p95": null
      },
      "foreground": {
        "client_duration_ms_mean": 1206.4487198367715,
        "client_duration_ms_p50": 1261.0967326909304,
        "client_duration_ms_p90": 1294.2969147115946,
        "client_duration_ms_p95": 1298.4469374641776,
        "engine_overhead_vs_fg_only_ms": 3.501612382630526,
        "engine_slowdown_vs_fg_only": 1.0271409693049842,
        "engine_ttft_ms_mean": 132.5173576672872,
        "engine_ttft_ms_p50": 132.64576066285372,
        "engine_ttft_ms_p90": 132.8773343935609,
        "engine_ttft_ms_p95": 132.90628110989928,
        "ok_rows": 3,
        "pre_scheduler_delay_ms_mean": 1068.1372284889221,
        "pre_scheduler_delay_ms_p50": 1121.0930924862623,
        "pre_scheduler_delay_ms_p90": 1155.9876758605242,
        "pre_scheduler_delay_ms_p95": 1160.349498782307,
        "rows": 3,
        "server_overhead_vs_fg_only_ms": 972.7635383605956,
        "server_slowdown_vs_fg_only": 5.26854651716301,
        "server_ttft_ms_mean": 1200.6545861562092,
        "server_ttft_ms_p50": 1254.0283203125,
        "server_ttft_ms_p90": 1288.6913299560547,
        "server_ttft_ms_p95": 1293.024206161499
      },
      "rows": 6
    },
    "a_no_priority": {
      "background": {
        "client_duration_ms_mean": null,
        "client_duration_ms_p50": null,
        "client_duration_ms_p90": null,
        "client_duration_ms_p95": null,
        "engine_ttft_ms_mean": null,
        "engine_ttft_ms_p50": null,
        "engine_ttft_ms_p90": null,
        "engine_ttft_ms_p95": null,
        "ok_rows": 0,
        "pre_scheduler_delay_ms_mean": null,
        "pre_scheduler_delay_ms_p50": null,
        "pre_scheduler_delay_ms_p90": null,
        "pre_scheduler_delay_ms_p95": null,
        "rows": 0,
        "server_ttft_ms_mean": null,
        "server_ttft_ms_p50": null,
        "server_ttft_ms_p90": null,
        "server_ttft_ms_p95": null
      },
      "fake_background": {
        "client_duration_ms_mean": 3936.518734631439,
        "client_duration_ms_p50": 3931.306838989258,
        "client_duration_ms_p90": 3986.1328408122063,
        "client_duration_ms_p95": 3992.986091040075,
        "engine_ttft_ms_mean": 2691.332085368534,
        "engine_ttft_ms_p50": 2688.971485942602,
        "engine_ttft_ms_p90": 2696.032816171646,
        "engine_ttft_ms_p95": 2696.9154824502766,
        "ok_rows": 3,
        "pre_scheduler_delay_ms_mean": 1218.004481556515,
        "pre_scheduler_delay_ms_p50": 1216.2391263991594,
        "pre_scheduler_delay_ms_p90": 1263.4446319192648,
        "pre_scheduler_delay_ms_p95": 1269.345320109278,
        "rows": 3,
        "server_ttft_ms_mean": 3909.336566925049,
        "server_ttft_ms_p50": 3903.465747833252,
        "server_ttft_ms_p90": 3959.128475189209,
        "server_ttft_ms_p95": 3966.0863161087036
      },
      "foreground": {
        "client_duration_ms_mean": 1936.0974105075002,
        "client_duration_ms_p50": 1931.1843505129218,
        "client_duration_ms_p90": 1985.697372816503,
        "client_duration_ms_p95": 1992.5115006044507,
        "engine_overhead_vs_fg_only_ms": 191.55426571766534,
        "engine_slowdown_vs_fg_only": 2.484735566926544,
        "engine_ttft_ms_mean": 320.570011002322,
        "engine_ttft_ms_p50": 320.1221330091357,
        "engine_ttft_ms_p90": 321.30948062986135,
        "engine_ttft_ms_p95": 321.45789908245206,
        "ok_rows": 3,
        "pre_scheduler_delay_ms_mean": 1587.7989738558729,
        "pre_scheduler_delay_ms_p50": 1581.9359915331006,
        "pre_scheduler_delay_ms_p90": 1638.3373418822885,
        "pre_scheduler_delay_ms_p95": 1645.387510675937,
        "rows": 3,
        "server_overhead_vs_fg_only_ms": 1680.4779370625815,
        "server_slowdown_vs_fg_only": 8.374041031088396,
        "server_ttft_ms_mean": 1908.368984858195,
        "server_ttft_ms_p50": 1902.0581245422363,
        "server_ttft_ms_p90": 1958.3470344543457,
        "server_ttft_ms_p95": 1965.3831481933594
      },
      "rows": 6
    },
    "fg_only": {
      "background": {
        "client_duration_ms_mean": null,
        "client_duration_ms_p50": null,
        "client_duration_ms_p90": null,
        "client_duration_ms_p95": null,
        "engine_ttft_ms_mean": null,
        "engine_ttft_ms_p50": null,
        "engine_ttft_ms_p90": null,
        "engine_ttft_ms_p95": null,
        "ok_rows": 0,
        "pre_scheduler_delay_ms_mean": null,
        "pre_scheduler_delay_ms_p50": null,
        "pre_scheduler_delay_ms_p90": null,
        "pre_scheduler_delay_ms_p95": null,
        "rows": 0,
        "server_ttft_ms_mean": null,
        "server_ttft_ms_p50": null,
        "server_ttft_ms_p90": null,
        "server_ttft_ms_p95": null
      },
      "fake_background": {
        "client_duration_ms_mean": null,
        "client_duration_ms_p50": null,
        "client_duration_ms_p90": null,
        "client_duration_ms_p95": null,
        "engine_ttft_ms_mean": null,
        "engine_ttft_ms_p50": null,
        "engine_ttft_ms_p90": null,
        "engine_ttft_ms_p95": null,
        "ok_rows": 0,
        "pre_scheduler_delay_ms_mean": null,
        "pre_scheduler_delay_ms_p50": null,
        "pre_scheduler_delay_ms_p90": null,
        "pre_scheduler_delay_ms_p95": null,
        "rows": 0,
        "server_ttft_ms_mean": null,
        "server_ttft_ms_p50": null,
        "server_ttft_ms_p90": null,
        "server_ttft_ms_p95": null
      },
      "foreground": {
        "client_duration_ms_mean": 231.83126530299583,
        "client_duration_ms_p50": 237.8991488367319,
        "client_duration_ms_p90": 248.86932857334614,
        "client_duration_ms_p95": 250.24060104042292,
        "engine_overhead_vs_fg_only_ms": 0.0,
        "engine_slowdown_vs_fg_only": 1.0,
        "engine_ttft_ms_mean": 129.01574528465667,
        "engine_ttft_ms_p50": 128.33055015653372,
        "engine_ttft_ms_p90": 130.00805135816336,
        "engine_ttft_ms_p95": 130.21773900836706,
        "ok_rows": 3,
        "pre_scheduler_delay_ms_mean": 98.87530251095693,
        "pre_scheduler_delay_ms_p50": 103.18701807409525,
        "pre_scheduler_delay_ms_p90": 115.90139213949442,