{
  "background_error_count": 0,
  "baseline_cold_queries": 121,
  "engine_ttft_ms_max": 2312.3887395486236,
  "engine_ttft_ms_mean": 1397.432678533056,
  "engine_ttft_ms_min": 390.0450496003032,
  "evidence_coverage_mean": 1.0,
  "fallback_queries": 121,
  "full_hit_queries": 0,
  "missing_evidence_queries": 0,
  "partial_hit_queries": 121,
  "queries": 242,
  "read_amplification_mean": 3.306611570247939,
  "registered_pages": 60,
  "residual_count_mean": 8.066115702479339,
  "server_ttft_ms_max": 6838.5210037231445,
  "server_ttft_ms_mean": 3088.2531315827173,
  "server_ttft_ms_min": 1034.9583625793457,
  "submitted_pages": 60,
  "ttft_metric": "server_request_to_first_token_ms",
  "ttft_ms_max": 6838.5210037231445,
  "ttft_ms_mean": 3088.2531315827173,
  "ttft_ms_min": 1034.9583625793457,
  "unique_submitted_pages": 60,
  "used_pages": 38,
  "warm_events": 121,
  "warm_page_queries": 121,
  "wasted_submitted_page_rate": 0.36666666666666664,
  "wasted_submitted_pages": 22
}
