{
  "attempt": 1,
  "completed_at": "2026-06-11T15:01:31",
  "queries": 193,
  "summary": {
    "background_error_count": 0,
    "baseline_cold_queries": 70,
    "engine_ttft_ms_max": 2283.98207295686,
    "engine_ttft_ms_mean": 1356.9624877578237,
    "engine_ttft_ms_min": 257.0257978513837,
    "evidence_coverage_mean": 1.0,
    "fallback_queries": 70,
    "full_hit_queries": 0,
    "missing_evidence_queries": 0,
    "partial_hit_queries": 123,
    "queries": 193,
    "read_amplification_mean": 3.9243523316062223,
    "registered_pages": 41,
    "residual_count_mean": 7.3782383419689115,
    "server_ttft_ms_max": 6753.309965133667,
    "server_ttft_ms_mean": 2918.393641555865,
    "server_ttft_ms_min": 818.9449310302734,
    "submitted_pages": 41,
    "ttft_metric": "server_request_to_first_token_ms",
    "ttft_ms_max": 6753.309965133667,
    "ttft_ms_mean": 2918.393641555865,
    "ttft_ms_min": 818.9449310302734,
    "unique_submitted_pages": 41,
    "used_pages": 32,
    "warm_events": 123,
    "warm_page_queries": 123,
    "wasted_submitted_page_rate": 0.21951219512195122,
    "wasted_submitted_pages": 9
  },
  "task_id": "locomo:conv-41"
}
