{
  "attempt": 1,
  "completed_at": "2026-06-11T18:55:01",
  "queries": 199,
  "summary": {
    "background_error_count": 0,
    "baseline_cold_queries": 39,
    "engine_ttft_ms_max": 3371.3747300207615,
    "engine_ttft_ms_mean": 1023.6370041030435,
    "engine_ttft_ms_min": 44.88321766257286,
    "evidence_coverage_mean": 1.0,
    "fallback_queries": 39,
    "full_hit_queries": 19,
    "missing_evidence_queries": 0,
    "partial_hit_queries": 141,
    "queries": 199,
    "read_amplification_mean": 5.230653266331659,
    "registered_pages": 161,
    "residual_count_mean": 4.57286432160804,
    "server_ttft_ms_max": 7671.669960021973,
    "server_ttft_ms_mean": 2272.3346199821585,
    "server_ttft_ms_min": 420.8652973175049,
    "submitted_pages": 161,
    "ttft_metric": "server_request_to_first_token_ms",
    "ttft_ms_max": 7671.669960021973,
    "ttft_ms_mean": 2272.3346199821585,
    "ttft_ms_min": 420.8652973175049,
    "unique_submitted_pages": 161,
    "used_pages": 77,
    "warm_events": 160,
    "warm_page_queries": 160,
    "wasted_submitted_page_rate": 0.5217391304347826,
    "wasted_submitted_pages": 84
  },
  "task_id": "locomo:conv-26"
}
