{
  "background_error_count": 0,
  "baseline_cold_queries": 46,
  "engine_ttft_ms_max": 2439.742377027869,
  "engine_ttft_ms_mean": 1108.545341847193,
  "engine_ttft_ms_min": 43.98496262729168,
  "evidence_coverage_mean": 1.0,
  "fallback_queries": 46,
  "full_hit_queries": 11,
  "missing_evidence_queries": 0,
  "partial_hit_queries": 142,
  "queries": 199,
  "read_amplification_mean": 2.2075376884422098,
  "registered_pages": 54,
  "residual_count_mean": 5.824120603015075,
  "server_ttft_ms_max": 6518.881797790527,
  "server_ttft_ms_mean": 2251.131768202662,
  "server_ttft_ms_min": 246.5507984161377,
  "submitted_pages": 54,
  "ttft_metric": "server_request_to_first_token_ms",
  "ttft_ms_max": 6518.881797790527,
  "ttft_ms_mean": 2251.131768202662,
  "ttft_ms_min": 246.5507984161377,
  "unique_submitted_pages": 54,
  "used_pages": 39,
  "warm_events": 153,
  "warm_page_queries": 153,
  "wasted_submitted_page_rate": 0.2777777777777778,
  "wasted_submitted_pages": 15
}
