{
  "background_error_count": 0,
  "baseline_cold_queries": 10,
  "engine_ttft_ms_max": 1908.3038922399282,
  "engine_ttft_ms_mean": 646.9611939623128,
  "engine_ttft_ms_min": 43.97765081375837,
  "evidence_coverage_mean": 1.0,
  "fallback_queries": 10,
  "full_hit_queries": 39,
  "missing_evidence_queries": 0,
  "partial_hit_queries": 150,
  "queries": 199,
  "read_amplification_mean": 5.847738693467342,
  "registered_pages": 157,
  "residual_count_mean": 2.648241206030151,
  "server_ttft_ms_max": 6090.991973876953,
  "server_ttft_ms_mean": 1682.9592055411795,
  "server_ttft_ms_min": 467.39745140075684,
  "submitted_pages": 157,
  "ttft_metric": "server_request_to_first_token_ms",
  "ttft_ms_max": 6090.991973876953,
  "ttft_ms_mean": 1682.9592055411795,
  "ttft_ms_min": 467.39745140075684,
  "unique_submitted_pages": 157,
  "used_pages": 94,
  "warm_events": 189,
  "warm_page_queries": 189,
  "wasted_submitted_page_rate": 0.4012738853503185,
  "wasted_submitted_pages": 63
}
