{
  "background_error_count": 0,
  "baseline_cold_queries": 15,
  "engine_ttft_ms_max": 2100.875395350158,
  "engine_ttft_ms_mean": 782.176844780242,
  "engine_ttft_ms_min": 46.33576329797506,
  "evidence_coverage_mean": 1.0,
  "fallback_queries": 15,
  "full_hit_queries": 32,
  "missing_evidence_queries": 0,
  "partial_hit_queries": 157,
  "queries": 204,
  "read_amplification_mean": 5.718627450980391,
  "registered_pages": 164,
  "residual_count_mean": 3.1470588235294117,
  "server_ttft_ms_max": 7444.695949554443,
  "server_ttft_ms_mean": 1858.5590872110106,
  "server_ttft_ms_min": 499.36461448669434,
  "submitted_pages": 164,
  "ttft_metric": "server_request_to_first_token_ms",
  "ttft_ms_max": 7444.695949554443,
  "ttft_ms_mean": 1858.5590872110106,
  "ttft_ms_min": 499.36461448669434,
  "unique_submitted_pages": 164,
  "used_pages": 99,
  "warm_events": 189,
  "warm_page_queries": 189,
  "wasted_submitted_page_rate": 0.39634146341463417,
  "wasted_submitted_pages": 65
}
