{
  "background_error_count": 0,
  "baseline_cold_queries": 15,
  "engine_ttft_ms_max": 2382.189310155809,
  "engine_ttft_ms_mean": 769.4835232514607,
  "engine_ttft_ms_min": 44.318062253296375,
  "evidence_coverage_mean": 1.0,
  "fallback_queries": 15,
  "full_hit_queries": 33,
  "missing_evidence_queries": 0,
  "partial_hit_queries": 151,
  "queries": 199,
  "read_amplification_mean": 5.8125628140703505,
  "registered_pages": 160,
  "residual_count_mean": 2.919597989949749,
  "server_ttft_ms_max": 6301.491022109985,
  "server_ttft_ms_mean": 1823.9723282243738,
  "server_ttft_ms_min": 415.2038097381592,
  "submitted_pages": 160,
  "ttft_metric": "server_request_to_first_token_ms",
  "ttft_ms_max": 6301.491022109985,
  "ttft_ms_mean": 1823.9723282243738,
  "ttft_ms_min": 415.2038097381592,
  "unique_submitted_pages": 160,
  "used_pages": 95,
  "warm_events": 184,
  "warm_page_queries": 184,
  "wasted_submitted_page_rate": 0.40625,
  "wasted_submitted_pages": 65
}
