{
  "attempt": 1,
  "completed_at": "2026-06-11T12:10:38",
  "queries": 121,
  "summary": {
    "background_error_count": 0,
    "baseline_cold_queries": 8,
    "engine_ttft_ms_max": 3351.1327989399433,
    "engine_ttft_ms_mean": 908.9137492624443,
    "engine_ttft_ms_min": 47.70494066178799,
    "evidence_coverage_mean": 1.0,
    "fallback_queries": 8,
    "full_hit_queries": 27,
    "missing_evidence_queries": 0,
    "partial_hit_queries": 86,
    "queries": 121,
    "read_amplification_mean": 3.495867768595041,
    "registered_pages": 90,
    "residual_count_mean": 2.7520661157024793,
    "server_ttft_ms_max": 4834.219455718994,
    "server_ttft_ms_mean": 1706.1185738271918,
    "server_ttft_ms_min": 236.4482879638672,
    "submitted_pages": 90,
    "ttft_metric": "server_request_to_first_token_ms",
    "ttft_ms_max": 4834.219455718994,
    "ttft_ms_mean": 1706.1185738271918,
    "ttft_ms_min": 236.4482879638672,
    "unique_submitted_pages": 90,
    "used_pages": 52,
    "warm_events": 113,
    "warm_page_queries": 113,
    "wasted_submitted_page_rate": 0.4222222222222222,
    "wasted_submitted_pages": 38
  },
  "task_id": "perma:user419"
}
