{
  "attempt": 1,
  "completed_at": "2026-06-11T12:53:22",
  "queries": 99,
  "summary": {
    "background_error_count": 0,
    "baseline_cold_queries": 9,
    "engine_ttft_ms_max": 3570.895922370255,
    "engine_ttft_ms_mean": 686.5433466931185,
    "engine_ttft_ms_min": 54.513681679964066,
    "evidence_coverage_mean": 1.0,
    "fallback_queries": 9,
    "full_hit_queries": 34,
    "missing_evidence_queries": 0,
    "partial_hit_queries": 56,
    "queries": 99,
    "read_amplification_mean": 3.4515151515151508,
    "registered_pages": 60,
    "residual_count_mean": 2.1818181818181817,
    "server_ttft_ms_max": 6044.323682785034,
    "server_ttft_ms_mean": 1458.7826054505629,
    "server_ttft_ms_min": 283.2942008972168,
    "submitted_pages": 60,
    "ttft_metric": "server_request_to_first_token_ms",
    "ttft_ms_max": 6044.323682785034,
    "ttft_ms_mean": 1458.7826054505629,
    "ttft_ms_min": 283.2942008972168,
    "unique_submitted_pages": 60,
    "used_pages": 38,
    "warm_events": 90,
    "warm_page_queries": 90,
    "wasted_submitted_page_rate": 0.36666666666666664,
    "wasted_submitted_pages": 22
  },
  "task_id": "perma:user914"
}
