{
  "background_error_count": 0,
  "baseline_cold_queries": 13,
  "engine_ttft_ms_max": 3319.29899007082,
  "engine_ttft_ms_mean": 883.3326057485136,
  "engine_ttft_ms_min": 35.56502051651478,
  "evidence_coverage_mean": 1.0,
  "fallback_queries": 13,
  "full_hit_queries": 38,
  "missing_evidence_queries": 0,
  "partial_hit_queries": 71,
  "queries": 122,
  "read_amplification_mean": 3.5918032786885243,
  "registered_pages": 78,
  "residual_count_mean": 2.7540983606557377,
  "server_ttft_ms_max": 4755.91778755188,
  "server_ttft_ms_mean": 1750.2122433459172,
  "server_ttft_ms_min": 156.11815452575684,
  "submitted_pages": 78,
  "ttft_metric": "server_request_to_first_token_ms",
  "ttft_ms_max": 4755.91778755188,
  "ttft_ms_mean": 1750.2122433459172,
  "ttft_ms_min": 156.11815452575684,
  "unique_submitted_pages": 78,
  "used_pages": 43,
  "warm_events": 109,
  "warm_page_queries": 109,
  "wasted_submitted_page_rate": 0.44871794871794873,
  "wasted_submitted_pages": 35
}
