{
  "attempt": 1,
  "completed_at": "2026-06-11T09:35:31",
  "queries": 105,
  "summary": {
    "background_error_count": 0,
    "baseline_cold_queries": 11,
    "engine_ttft_ms_max": 1779.4249821454287,
    "engine_ttft_ms_mean": 718.4551186504818,
    "engine_ttft_ms_min": 47.67318535596132,
    "evidence_coverage_mean": 1.0,
    "fallback_queries": 11,
    "full_hit_queries": 18,
    "missing_evidence_queries": 0,
    "partial_hit_queries": 76,
    "queries": 105,
    "read_amplification_mean": 5.504761904761903,
    "registered_pages": 81,
    "residual_count_mean": 3.2095238095238097,
    "server_ttft_ms_max": 6286.674976348877,
    "server_ttft_ms_mean": 1718.76498176938,
    "server_ttft_ms_min": 479.7251224517822,
    "submitted_pages": 81,
    "ttft_metric": "server_request_to_first_token_ms",
    "ttft_ms_max": 6286.674976348877,
    "ttft_ms_mean": 1718.76498176938,
    "ttft_ms_min": 479.7251224517822,
    "unique_submitted_pages": 81,
    "used_pages": 39,
    "warm_events": 94,
    "warm_page_queries": 94,
    "wasted_submitted_page_rate": 0.5185185185185185,
    "wasted_submitted_pages": 42
  },
  "task_id": "locomo:conv-30"
}
