{
  "background_error_count": 0,
  "baseline_cold_queries": 10,
  "engine_ttft_ms_max": 444.72142681479454,
  "engine_ttft_ms_mean": 229.57404114156213,
  "engine_ttft_ms_min": 100.96935648471117,
  "evidence_coverage_mean": 1.0,
  "fallback_queries": 10,
  "full_hit_queries": 26,
  "missing_evidence_queries": 0,
  "partial_hit_queries": 163,
  "queries": 199,
  "read_amplification_mean": 6.717587939698492,
  "registered_pages": 167,
  "residual_count_mean": 3.1608040201005023,
  "server_ttft_ms_max": 1645.6642150878906,
  "server_ttft_ms_mean": 408.4467300817595,
  "server_ttft_ms_min": 203.12070846557617,
  "submitted_pages": 167,
  "ttft_metric": "server_request_to_first_token_ms",
  "ttft_ms_max": 1645.6642150878906,
  "ttft_ms_mean": 408.4467300817595,
  "ttft_ms_min": 203.12070846557617,
  "unique_submitted_pages": 167,
  "used_pages": 102,
  "warm_events": 189,
  "warm_page_queries": 189,
  "wasted_submitted_page_rate": 0.38922155688622756,
  "wasted_submitted_pages": 65
}
