{
  "attempt": 1,
  "completed_at": "2026-06-11T11:20:06",
  "queries": 117,
  "summary": {
    "background_error_count": 0,
    "baseline_cold_queries": 22,
    "engine_ttft_ms_max": 4551.074106246233,
    "engine_ttft_ms_mean": 755.5260855354305,
    "engine_ttft_ms_min": 43.85699052363634,
    "evidence_coverage_mean": 1.0,
    "fallback_queries": 22,
    "full_hit_queries": 48,
    "missing_evidence_queries": 0,
    "partial_hit_queries": 47,
    "queries": 117,
    "read_amplification_mean": 3.6615384615384623,
    "registered_pages": 60,
    "residual_count_mean": 2.5213675213675213,
    "server_ttft_ms_max": 9199.0487575531,
    "server_ttft_ms_mean": 1729.8442074376294,
    "server_ttft_ms_min": 302.29902267456055,
    "submitted_pages": 60,
    "ttft_metric": "server_request_to_first_token_ms",
    "ttft_ms_max": 9199.0487575531,
    "ttft_ms_mean": 1729.8442074376294,
    "ttft_ms_min": 302.29902267456055,
    "unique_submitted_pages": 60,
    "used_pages": 41,
    "warm_events": 95,
    "warm_page_queries": 95,
    "wasted_submitted_page_rate": 0.31666666666666665,
    "wasted_submitted_pages": 19
  },
  "task_id": "perma:user334"
}
