{
  "attempt": 1,
  "completed_at": "2026-06-11T14:40:41",
  "queries": 105,
  "summary": {
    "background_error_count": 0,
    "baseline_cold_queries": 10,
    "engine_ttft_ms_max": 535.9780620783567,
    "engine_ttft_ms_mean": 226.50703832152345,
    "engine_ttft_ms_min": 101.19965951889753,
    "evidence_coverage_mean": 1.0,
    "fallback_queries": 10,
    "full_hit_queries": 19,
    "missing_evidence_queries": 0,
    "partial_hit_queries": 76,
    "queries": 105,
    "read_amplification_mean": 5.7647619047619045,
    "registered_pages": 79,
    "residual_count_mean": 3.342857142857143,
    "server_ttft_ms_max": 1076.4315128326416,
    "server_ttft_ms_mean": 387.20863660176593,
    "server_ttft_ms_min": 181.14781379699707,
    "submitted_pages": 79,
    "ttft_metric": "server_request_to_first_token_ms",
    "ttft_ms_max": 1076.4315128326416,
    "ttft_ms_mean": 387.20863660176593,
    "ttft_ms_min": 181.14781379699707,
    "unique_submitted_pages": 79,
    "used_pages": 42,
    "warm_events": 95,
    "warm_page_queries": 95,
    "wasted_submitted_page_rate": 0.46835443037974683,
    "wasted_submitted_pages": 37
  },
  "task_id": "locomo:conv-30"
}
