{
  "attempt": 1,
  "completed_at": "2026-06-11T15:06:36",
  "queries": 193,
  "summary": {
    "background_error_count": 0,
    "baseline_cold_queries": 40,
    "engine_ttft_ms_max": 705.8939393609762,
    "engine_ttft_ms_mean": 283.466044359797,
    "engine_ttft_ms_min": 102.53778286278248,
    "evidence_coverage_mean": 1.0,
    "fallback_queries": 40,
    "full_hit_queries": 15,
    "missing_evidence_queries": 0,
    "partial_hit_queries": 138,
    "queries": 193,
    "read_amplification_mean": 5.8067357512953395,
    "registered_pages": 156,
    "residual_count_mean": 4.787564766839378,
    "server_ttft_ms_max": 1605.4351329803467,
    "server_ttft_ms_mean": 475.3451433824134,
    "server_ttft_ms_min": 203.0949592590332,
    "submitted_pages": 156,
    "ttft_metric": "server_request_to_first_token_ms",
    "ttft_ms_max": 1605.4351329803467,
    "ttft_ms_mean": 475.3451433824134,
    "ttft_ms_min": 203.0949592590332,
    "unique_submitted_pages": 156,
    "used_pages": 81,
    "warm_events": 153,
    "warm_page_queries": 153,
    "wasted_submitted_page_rate": 0.4807692307692308,
    "wasted_submitted_pages": 75
  },
  "task_id": "locomo:conv-41"
}
