{
  "attempt": 1,
  "completed_at": "2026-06-11T09:48:05",
  "queries": 114,
  "summary": {
    "background_error_count": 0,
    "baseline_cold_queries": 18,
    "engine_ttft_ms_max": 4082.0931904017925,
    "engine_ttft_ms_mean": 1029.7775177954975,
    "engine_ttft_ms_min": 43.8569663092494,
    "evidence_coverage_mean": 1.0,
    "fallback_queries": 18,
    "full_hit_queries": 42,
    "missing_evidence_queries": 0,
    "partial_hit_queries": 54,
    "queries": 114,
    "read_amplification_mean": 3.5175438596491237,
    "registered_pages": 66,
    "residual_count_mean": 2.912280701754386,
    "server_ttft_ms_max": 7927.867650985718,
    "server_ttft_ms_mean": 2111.01804490675,
    "server_ttft_ms_min": 463.5474681854248,
    "submitted_pages": 66,
    "ttft_metric": "server_request_to_first_token_ms",
    "ttft_ms_max": 7927.867650985718,
    "ttft_ms_mean": 2111.01804490675,
    "ttft_ms_min": 463.5474681854248,
    "unique_submitted_pages": 66,
    "used_pages": 38,
    "warm_events": 96,
    "warm_page_queries": 96,
    "wasted_submitted_page_rate": 0.42424242424242425,
    "wasted_submitted_pages": 28
  },
  "task_id": "perma:user108"
}
