{
  "background_error_count": 0,
  "baseline_cold_queries": 29,
  "engine_ttft_ms_max": 2636.1356992274523,
  "engine_ttft_ms_mean": 1158.4680624969903,
  "engine_ttft_ms_min": 102.7257340028882,
  "evidence_coverage_mean": 1.0,
  "fallback_queries": 29,
  "full_hit_queries": 14,
  "missing_evidence_queries": 0,
  "partial_hit_queries": 44,
  "queries": 87,
  "read_amplification_mean": 2.0942528735632178,
  "registered_pages": 53,
  "residual_count_mean": 4.977011494252873,
  "server_ttft_ms_max": 4871.66166305542,
  "server_ttft_ms_mean": 1632.5946840746649,
  "server_ttft_ms_min": 240.67187309265137,
  "submitted_pages": 53,
  "ttft_metric": "server_request_to_first_token_ms",
  "ttft_ms_max": 4871.66166305542,
  "ttft_ms_mean": 1632.5946840746649,
  "ttft_ms_min": 240.67187309265137,
  "unique_submitted_pages": 53,
  "used_pages": 29,
  "warm_events": 58,
  "warm_page_queries": 58,
  "wasted_submitted_page_rate": 0.4528301886792453,
  "wasted_submitted_pages": 24
}
