{
  "background_error_count": 0,
  "baseline_cold_queries": 50,
  "engine_ttft_ms_max": 6375.330284237862,
  "engine_ttft_ms_mean": 1710.8413758480715,
  "engine_ttft_ms_min": 112.26937361061573,
  "evidence_coverage_mean": 1.0,
  "fallback_queries": 50,
  "full_hit_queries": 7,
  "missing_evidence_queries": 0,
  "partial_hit_queries": 33,
  "queries": 90,
  "read_amplification_mean": 1.698888888888889,
  "registered_pages": 51,
  "residual_count_mean": 7.0777777777777775,
  "server_ttft_ms_max": 6949.626922607422,
  "server_ttft_ms_mean": 2342.934433619181,
  "server_ttft_ms_min": 222.55635261535645,
  "submitted_pages": 51,
  "ttft_metric": "server_request_to_first_token_ms",
  "ttft_ms_max": 6949.626922607422,
  "ttft_ms_mean": 2342.934433619181,
  "ttft_ms_min": 222.55635261535645,
  "unique_submitted_pages": 51,
  "used_pages": 25,
  "warm_events": 40,
  "warm_page_queries": 40,
  "wasted_submitted_page_rate": 0.5098039215686274,
  "wasted_submitted_pages": 26
}
