{
  "attempt": 1,
  "completed_at": "2026-06-11T19:09:16",
  "queries": 199,
  "summary": {
    "background_error_count": 0,
    "baseline_cold_queries": 21,
    "engine_ttft_ms_max": 2250.820570625365,
    "engine_ttft_ms_mean": 925.2073551439236,
    "engine_ttft_ms_min": 44.39792037010193,
    "evidence_coverage_mean": 1.0,
    "fallback_queries": 21,
    "full_hit_queries": 16,
    "missing_evidence_queries": 0,
    "partial_hit_queries": 162,
    "queries": 199,
    "read_amplification_mean": 3.3396984924623143,
    "registered_pages": 95,
    "residual_count_mean": 4.301507537688442,
    "server_ttft_ms_max": 6410.812854766846,
    "server_ttft_ms_mean": 1887.4889737996623,
    "server_ttft_ms_min": 271.8474864959717,
    "submitted_pages": 95,
    "ttft_metric": "server_request_to_first_token_ms",
    "ttft_ms_max": 6410.812854766846,
    "ttft_ms_mean": 1887.4889737996623,
    "ttft_ms_min": 271.8474864959717,
    "unique_submitted_pages": 95,
    "used_pages": 65,
    "warm_events": 178,
    "warm_page_queries": 178,
    "wasted_submitted_page_rate": 0.3157894736842105,
    "wasted_submitted_pages": 30
  },
  "task_id": "locomo:conv-26"
}
