{
  "background_error_count": 0,
  "baseline_cold_queries": 27,
  "engine_ttft_ms_max": 2174.7984355315566,
  "engine_ttft_ms_mean": 713.7381705240562,
  "engine_ttft_ms_min": 44.62419915944338,
  "evidence_coverage_mean": 1.0,
  "fallback_queries": 27,
  "full_hit_queries": 60,
  "missing_evidence_queries": 0,
  "partial_hit_queries": 173,
  "queries": 260,
  "read_amplification_mean": 5.446923076923077,
  "registered_pages": 185,
  "residual_count_mean": 3.25,
  "server_ttft_ms_max": 6919.051885604858,
  "server_ttft_ms_mean": 1644.010224709144,
  "server_ttft_ms_min": 404.4191837310791,
  "submitted_pages": 185,
  "ttft_metric": "server_request_to_first_token_ms",
  "ttft_ms_max": 6919.051885604858,
  "ttft_ms_mean": 1644.010224709144,
  "ttft_ms_min": 404.4191837310791,
  "unique_submitted_pages": 185,
  "used_pages": 105,
  "warm_events": 233,
  "warm_page_queries": 233,
  "wasted_submitted_page_rate": 0.43243243243243246,
  "wasted_submitted_pages": 80
}
