{
  "background_error_count": 0,
  "baseline_cold_queries": 8,
  "engine_ttft_ms_max": 2288.268784992397,
  "engine_ttft_ms_mean": 575.405417259076,
  "engine_ttft_ms_min": 42.90373995900154,
  "evidence_coverage_mean": 1.0,
  "fallback_queries": 8,
  "full_hit_queries": 52,
  "missing_evidence_queries": 0,
  "partial_hit_queries": 56,
  "queries": 116,
  "read_amplification_mean": 3.6568965517241376,
  "registered_pages": 61,
  "residual_count_mean": 2.0948275862068964,
  "server_ttft_ms_max": 7922.000408172607,
  "server_ttft_ms_mean": 1295.6734464086335,
  "server_ttft_ms_min": 217.73910522460938,
  "submitted_pages": 61,
  "ttft_metric": "server_request_to_first_token_ms",
  "ttft_ms_max": 7922.000408172607,
  "ttft_ms_mean": 1295.6734464086335,
  "ttft_ms_min": 217.73910522460938,
  "unique_submitted_pages": 61,
  "used_pages": 38,
  "warm_events": 108,
  "warm_page_queries": 108,
  "wasted_submitted_page_rate": 0.3770491803278688,
  "wasted_submitted_pages": 23
}
