{
  "attempt": 1,
  "completed_at": "2026-06-11T17:02:52",
  "queries": 196,
  "summary": {
    "background_error_count": 0,
    "baseline_cold_queries": 56,
    "engine_ttft_ms_max": 1851.8038699403405,
    "engine_ttft_ms_mean": 1186.6790032137794,
    "engine_ttft_ms_min": 51.007287576794624,
    "evidence_coverage_mean": 1.0,
    "fallback_queries": 56,
    "full_hit_queries": 0,
    "missing_evidence_queries": 0,
    "partial_hit_queries": 140,
    "queries": 196,
    "read_amplification_mean": 4.260204081632658,
    "registered_pages": 31,
    "residual_count_mean": 6.887755102040816,
    "server_ttft_ms_max": 6401.4410972595215,
    "server_ttft_ms_mean": 2682.7956778662547,
    "server_ttft_ms_min": 665.0316715240479,
    "submitted_pages": 31,
    "ttft_metric": "server_request_to_first_token_ms",
    "ttft_ms_max": 6401.4410972595215,
    "ttft_ms_mean": 2682.7956778662547,
    "ttft_ms_min": 665.0316715240479,
    "unique_submitted_pages": 31,
    "used_pages": 24,
    "warm_events": 140,
    "warm_page_queries": 140,
    "wasted_submitted_page_rate": 0.22580645161290322,
    "wasted_submitted_pages": 7
  },
  "task_id": "locomo:conv-49"
}
