{
  "background_error_count": 0,
  "baseline_cold_queries": 56,
  "engine_ttft_ms_max": 2728.424159809947,
  "engine_ttft_ms_mean": 1472.5183781453418,
  "engine_ttft_ms_min": 104.10527978092432,
  "evidence_coverage_mean": 1.0,
  "fallback_queries": 56,
  "full_hit_queries": 6,
  "missing_evidence_queries": 0,
  "partial_hit_queries": 41,
  "queries": 103,
  "read_amplification_mean": 1.7495145631067965,
  "registered_pages": 55,
  "residual_count_mean": 6.776699029126213,
  "server_ttft_ms_max": 4695.816993713379,
  "server_ttft_ms_mean": 2081.5114257405107,
  "server_ttft_ms_min": 235.27097702026367,
  "submitted_pages": 55,
  "ttft_metric": "server_request_to_first_token_ms",
  "ttft_ms_max": 4695.816993713379,
  "ttft_ms_mean": 2081.5114257405107,
  "ttft_ms_min": 235.27097702026367,
  "unique_submitted_pages": 55,
  "used_pages": 32,
  "warm_events": 47,
  "warm_page_queries": 47,
  "wasted_submitted_page_rate": 0.41818181818181815,
  "wasted_submitted_pages": 23
}
