{
  "background_error_count": 0,
  "baseline_cold_queries": 73,
  "engine_ttft_ms_max": 2110.3544756770134,
  "engine_ttft_ms_mean": 1318.3109537828007,
  "engine_ttft_ms_min": 251.96253415197134,
  "evidence_coverage_mean": 1.0,
  "fallback_queries": 73,
  "full_hit_queries": 0,
  "missing_evidence_queries": 0,
  "partial_hit_queries": 85,
  "queries": 158,
  "read_amplification_mean": 3.467721518987344,
  "registered_pages": 36,
  "residual_count_mean": 7.7784810126582276,
  "server_ttft_ms_max": 6317.987680435181,
  "server_ttft_ms_mean": 2975.1044511795044,
  "server_ttft_ms_min": 745.8512783050537,
  "submitted_pages": 36,
  "ttft_metric": "server_request_to_first_token_ms",
  "ttft_ms_max": 6317.987680435181,
  "ttft_ms_mean": 2975.1044511795044,
  "ttft_ms_min": 745.8512783050537,
  "unique_submitted_pages": 36,
  "used_pages": 26,
  "warm_events": 85,
  "warm_page_queries": 85,
  "wasted_submitted_page_rate": 0.2777777777777778,
  "wasted_submitted_pages": 10
}
