{
  "attempt": 1,
  "completed_at": "2026-06-11T11:11:15",
  "queries": 242,
  "summary": {
    "background_error_count": 0,
    "baseline_cold_queries": 28,
    "engine_ttft_ms_max": 2312.864299863577,
    "engine_ttft_ms_mean": 864.3445198285617,
    "engine_ttft_ms_min": 45.400273986160755,
    "evidence_coverage_mean": 1.0,
    "fallback_queries": 28,
    "full_hit_queries": 22,
    "missing_evidence_queries": 0,
    "partial_hit_queries": 192,
    "queries": 242,
    "read_amplification_mean": 5.446694214876032,
    "registered_pages": 210,
    "residual_count_mean": 4.020661157024794,
    "server_ttft_ms_max": 6802.422046661377,
    "server_ttft_ms_mean": 2079.0625781067147,
    "server_ttft_ms_min": 505.2142143249512,
    "submitted_pages": 210,
    "ttft_metric": "server_request_to_first_token_ms",
    "ttft_ms_max": 6802.422046661377,
    "ttft_ms_mean": 2079.0625781067147,
    "ttft_ms_min": 505.2142143249512,
    "unique_submitted_pages": 210,
    "used_pages": 106,
    "warm_events": 214,
    "warm_page_queries": 214,
    "wasted_submitted_page_rate": 0.49523809523809526,
    "wasted_submitted_pages": 104
  },
  "task_id": "locomo:conv-43"
}
