{
  "attempt": 1,
  "completed_at": "2026-06-11T12:56:50",
  "queries": 196,
  "summary": {
    "background_error_count": 0,
    "baseline_cold_queries": 13,
    "engine_ttft_ms_max": 1968.5879154130816,
    "engine_ttft_ms_mean": 674.5665741048525,
    "engine_ttft_ms_min": 43.87642536312342,
    "evidence_coverage_mean": 1.0,
    "fallback_queries": 13,
    "full_hit_queries": 36,
    "missing_evidence_queries": 0,
    "partial_hit_queries": 147,
    "queries": 196,
    "read_amplification_mean": 5.555612244897961,
    "registered_pages": 155,
    "residual_count_mean": 3.045918367346939,
    "server_ttft_ms_max": 6341.829538345337,
    "server_ttft_ms_mean": 1698.2056425542248,
    "server_ttft_ms_min": 425.0683784484863,
    "submitted_pages": 155,
    "ttft_metric": "server_request_to_first_token_ms",
    "ttft_ms_max": 6341.829538345337,
    "ttft_ms_mean": 1698.2056425542248,
    "ttft_ms_min": 425.0683784484863,
    "unique_submitted_pages": 155,
    "used_pages": 90,
    "warm_events": 183,
    "warm_page_queries": 183,
    "wasted_submitted_page_rate": 0.41935483870967744,
    "wasted_submitted_pages": 65
  },
  "task_id": "locomo:conv-49"
}
