{
  "attempt": 1,
  "completed_at": "2026-06-11T10:55:57",
  "queries": 103,
  "summary": {
    "background_error_count": 0,
    "baseline_cold_queries": 14,
    "engine_ttft_ms_max": 2896.2668972089887,
    "engine_ttft_ms_mean": 645.0063972959964,
    "engine_ttft_ms_min": 44.328348711133,
    "evidence_coverage_mean": 1.0,
    "fallback_queries": 14,
    "full_hit_queries": 38,
    "missing_evidence_queries": 0,
    "partial_hit_queries": 51,
    "queries": 103,
    "read_amplification_mean": 3.7699029126213586,
    "registered_pages": 58,
    "residual_count_mean": 2.4174757281553396,
    "server_ttft_ms_max": 5162.099361419678,
    "server_ttft_ms_mean": 1481.8181829545103,
    "server_ttft_ms_min": 247.05815315246582,
    "submitted_pages": 58,
    "ttft_metric": "server_request_to_first_token_ms",
    "ttft_ms_max": 5162.099361419678,
    "ttft_ms_mean": 1481.8181829545103,
    "ttft_ms_min": 247.05815315246582,
    "unique_submitted_pages": 58,
    "used_pages": 33,
    "warm_events": 89,
    "warm_page_queries": 89,
    "wasted_submitted_page_rate": 0.43103448275862066,
    "wasted_submitted_pages": 25
  },
  "task_id": "perma:user1377"
}
