{
  "background_error_count": 0,
  "baseline_cold_queries": 11,
  "engine_ttft_ms_max": 3298.766107298434,
  "engine_ttft_ms_mean": 817.5206084176898,
  "engine_ttft_ms_min": 42.86442045122385,
  "evidence_coverage_mean": 1.0,
  "fallback_queries": 11,
  "full_hit_queries": 48,
  "missing_evidence_queries": 0,
  "partial_hit_queries": 66,
  "queries": 125,
  "read_amplification_mean": 3.2983999999999996,
  "registered_pages": 73,
  "residual_count_mean": 2.392,
  "server_ttft_ms_max": 5108.587980270386,
  "server_ttft_ms_mean": 1602.1054096221924,
  "server_ttft_ms_min": 183.4115982055664,
  "submitted_pages": 73,
  "ttft_metric": "server_request_to_first_token_ms",
  "ttft_ms_max": 5108.587980270386,
  "ttft_ms_mean": 1602.1054096221924,
  "ttft_ms_min": 183.4115982055664,
  "unique_submitted_pages": 73,
  "used_pages": 44,
  "warm_events": 114,
  "warm_page_queries": 114,
  "wasted_submitted_page_rate": 0.3972602739726027,
  "wasted_submitted_pages": 29
}
