{
  "attempt": 1,
  "completed_at": "2026-06-11T14:33:04",
  "queries": 199,
  "summary": {
    "background_error_count": 0,
    "baseline_cold_queries": 40,
    "engine_ttft_ms_max": 2273.780193179846,
    "engine_ttft_ms_mean": 1226.825726742683,
    "engine_ttft_ms_min": 52.236094139516354,
    "evidence_coverage_mean": 1.0,
    "fallback_queries": 40,
    "full_hit_queries": 0,
    "missing_evidence_queries": 0,
    "partial_hit_queries": 159,
    "queries": 199,
    "read_amplification_mean": 4.658291457286441,
    "registered_pages": 26,
    "residual_count_mean": 6.633165829145729,
    "server_ttft_ms_max": 6664.151430130005,
    "server_ttft_ms_mean": 2628.5254823502582,
    "server_ttft_ms_min": 738.1556034088135,
    "submitted_pages": 26,
    "ttft_metric": "server_request_to_first_token_ms",
    "ttft_ms_max": 6664.151430130005,
    "ttft_ms_mean": 2628.5254823502582,
    "ttft_ms_min": 738.1556034088135,
    "unique_submitted_pages": 26,
    "used_pages": 25,
    "warm_events": 159,
    "warm_page_queries": 159,
    "wasted_submitted_page_rate": 0.038461538461538464,
    "wasted_submitted_pages": 1
  },
  "task_id": "locomo:conv-26"
}
