{
  "background_error_count": 0,
  "baseline_cold_queries": 15,
  "engine_ttft_ms_max": 2277.580280788243,
  "engine_ttft_ms_mean": 814.2092565982308,
  "engine_ttft_ms_min": 45.24114076048136,
  "evidence_coverage_mean": 1.0,
  "fallback_queries": 15,
  "full_hit_queries": 16,
  "missing_evidence_queries": 0,
  "partial_hit_queries": 127,
  "queries": 158,
  "read_amplification_mean": 5.619620253164556,
  "registered_pages": 136,
  "residual_count_mean": 3.7974683544303796,
  "server_ttft_ms_max": 6274.79100227356,
  "server_ttft_ms_mean": 1880.02756426606,
  "server_ttft_ms_min": 512.8507614135742,
  "submitted_pages": 136,
  "ttft_metric": "server_request_to_first_token_ms",
  "ttft_ms_max": 6274.79100227356,
  "ttft_ms_mean": 1880.02756426606,
  "ttft_ms_min": 512.8507614135742,
  "unique_submitted_pages": 136,
  "used_pages": 70,
  "warm_events": 143,
  "warm_page_queries": 143,
  "wasted_submitted_page_rate": 0.4852941176470588,
  "wasted_submitted_pages": 66
}
