{
  "background_error_count": 0,
  "baseline_cold_queries": 21,
  "engine_ttft_ms_max": 4228.884814307094,
  "engine_ttft_ms_mean": 1266.9586059473977,
  "engine_ttft_ms_min": 47.373571433126926,
  "evidence_coverage_mean": 1.0,
  "fallback_queries": 21,
  "full_hit_queries": 40,
  "missing_evidence_queries": 0,
  "partial_hit_queries": 53,
  "queries": 114,
  "read_amplification_mean": 3.3789473684210525,
  "registered_pages": 65,
  "residual_count_mean": 3.210526315789474,
  "server_ttft_ms_max": 8026.58486366272,
  "server_ttft_ms_mean": 2391.196328296996,
  "server_ttft_ms_min": 400.0880718231201,
  "submitted_pages": 65,
  "ttft_metric": "server_request_to_first_token_ms",
  "ttft_ms_max": 8026.58486366272,
  "ttft_ms_mean": 2391.196328296996,
  "ttft_ms_min": 400.0880718231201,
  "unique_submitted_pages": 65,
  "used_pages": 37,
  "warm_events": 93,
  "warm_page_queries": 93,
  "wasted_submitted_page_rate": 0.4307692307692308,
  "wasted_submitted_pages": 28
}
