{
  "attempt": 1,
  "completed_at": "2026-06-11T12:31:20",
  "queries": 239,
  "summary": {
    "background_error_count": 0,
    "baseline_cold_queries": 32,
    "engine_ttft_ms_max": 1918.0775340646505,
    "engine_ttft_ms_mean": 816.1775446983997,
    "engine_ttft_ms_min": 45.617952942848206,
    "evidence_coverage_mean": 1.0,
    "fallback_queries": 32,
    "full_hit_queries": 26,
    "missing_evidence_queries": 0,
    "partial_hit_queries": 181,
    "queries": 239,
    "read_amplification_mean": 5.5665271966527206,
    "registered_pages": 201,
    "residual_count_mean": 3.8870292887029287,
    "server_ttft_ms_max": 6910.266160964966,
    "server_ttft_ms_mean": 1962.3053403080257,
    "server_ttft_ms_min": 390.70892333984375,
    "submitted_pages": 201,
    "ttft_metric": "server_request_to_first_token_ms",
    "ttft_ms_max": 6910.266160964966,
    "ttft_ms_mean": 1962.3053403080257,
    "ttft_ms_min": 390.70892333984375,
    "unique_submitted_pages": 201,
    "used_pages": 114,
    "warm_events": 207,
    "warm_page_queries": 207,
    "wasted_submitted_page_rate": 0.43283582089552236,
    "wasted_submitted_pages": 87
  },
  "task_id": "locomo:conv-48"
}
