{
  "attempt": 1,
  "completed_at": "2026-06-11T19:12:09",
  "queries": 199,
  "summary": {
    "background_error_count": 0,
    "baseline_cold_queries": 26,
    "engine_ttft_ms_max": 2957.250215113163,
    "engine_ttft_ms_mean": 881.5045236380555,
    "engine_ttft_ms_min": 44.17850263416767,
    "evidence_coverage_mean": 1.0,
    "fallback_queries": 26,
    "full_hit_queries": 32,
    "missing_evidence_queries": 0,
    "partial_hit_queries": 141,
    "queries": 199,
    "read_amplification_mean": 5.482412060301509,
    "registered_pages": 155,
    "residual_count_mean": 3.6231155778894473,
    "server_ttft_ms_max": 7600.66032409668,
    "server_ttft_ms_mean": 1959.3270615716676,
    "server_ttft_ms_min": 496.69504165649414,
    "submitted_pages": 155,
    "ttft_metric": "server_request_to_first_token_ms",
    "ttft_ms_max": 7600.66032409668,
    "ttft_ms_mean": 1959.3270615716676,
    "ttft_ms_min": 496.69504165649414,
    "unique_submitted_pages": 155,
    "used_pages": 80,
    "warm_events": 173,
    "warm_page_queries": 173,
    "wasted_submitted_page_rate": 0.4838709677419355,
    "wasted_submitted_pages": 75
  },
  "task_id": "locomo:conv-26"
}
