{
  "background_error_count": 0,
  "baseline_cold_queries": 9,
  "engine_ttft_ms_max": 2963.3875731378794,
  "engine_ttft_ms_mean": 890.3986040674064,
  "engine_ttft_ms_min": 43.461509980261326,
  "evidence_coverage_mean": 1.0,
  "fallback_queries": 9,
  "full_hit_queries": 27,
  "missing_evidence_queries": 0,
  "partial_hit_queries": 51,
  "queries": 87,
  "read_amplification_mean": 2.706896551724139,
  "registered_pages": 55,
  "residual_count_mean": 2.8620689655172415,
  "server_ttft_ms_max": 4999.329328536987,
  "server_ttft_ms_mean": 1536.577304204305,
  "server_ttft_ms_min": 249.53579902648926,
  "submitted_pages": 55,
  "ttft_metric": "server_request_to_first_token_ms",
  "ttft_ms_max": 4999.329328536987,
  "ttft_ms_mean": 1536.577304204305,
  "ttft_ms_min": 249.53579902648926,
  "unique_submitted_pages": 55,
  "used_pages": 32,
  "warm_events": 78,
  "warm_page_queries": 78,
  "wasted_submitted_page_rate": 0.41818181818181815,
  "wasted_submitted_pages": 23
}
