{
  "background_error_count": 0,
  "baseline_cold_queries": 57,
  "engine_ttft_ms_max": 2093.119946308434,
  "engine_ttft_ms_mean": 1279.5871347828092,
  "engine_ttft_ms_min": 196.6145457699895,
  "evidence_coverage_mean": 1.0,
  "fallback_queries": 57,
  "full_hit_queries": 0,
  "missing_evidence_queries": 0,
  "partial_hit_queries": 147,
  "queries": 204,
  "read_amplification_mean": 4.300000000000006,
  "registered_pages": 35,
  "residual_count_mean": 6.970588235294118,
  "server_ttft_ms_max": 6312.532424926758,
  "server_ttft_ms_mean": 2890.8712653552784,
  "server_ttft_ms_min": 814.0900135040283,
  "submitted_pages": 35,
  "ttft_metric": "server_request_to_first_token_ms",
  "ttft_ms_max": 6312.532424926758,
  "ttft_ms_mean": 2890.8712653552784,
  "ttft_ms_min": 814.0900135040283,
  "unique_submitted_pages": 35,
  "used_pages": 27,
  "warm_events": 147,
  "warm_page_queries": 147,
  "wasted_submitted_page_rate": 0.22857142857142856,
  "wasted_submitted_pages": 8
}
