{
  "attempt": 1,
  "completed_at": "2026-06-11T16:12:09",
  "queries": 242,
  "summary": {
    "background_error_count": 0,
    "baseline_cold_queries": 59,
    "engine_ttft_ms_max": 698.8784000277519,
    "engine_ttft_ms_mean": 304.67010697750146,
    "engine_ttft_ms_min": 102.77737490832806,
    "evidence_coverage_mean": 1.0,
    "fallback_queries": 59,
    "full_hit_queries": 9,
    "missing_evidence_queries": 0,
    "partial_hit_queries": 174,
    "queries": 242,
    "read_amplification_mean": 5.08636363636364,
    "registered_pages": 203,
    "residual_count_mean": 5.549586776859504,
    "server_ttft_ms_max": 1968.0845737457275,
    "server_ttft_ms_mean": 510.86831979515136,
    "server_ttft_ms_min": 202.80075073242188,
    "submitted_pages": 203,
    "ttft_metric": "server_request_to_first_token_ms",
    "ttft_ms_max": 1968.0845737457275,
    "ttft_ms_mean": 510.86831979515136,
    "ttft_ms_min": 202.80075073242188,
    "unique_submitted_pages": 203,
    "used_pages": 110,
    "warm_events": 183,
    "warm_page_queries": 183,
    "wasted_submitted_page_rate": 0.458128078817734,
    "wasted_submitted_pages": 93
  },
  "task_id": "locomo:conv-43"
}
