{
  "attempt": 1,
  "completed_at": "2026-06-11T16:24:23",
  "queries": 190,
  "summary": {
    "background_error_count": 0,
    "baseline_cold_queries": 104,
    "engine_ttft_ms_max": 2174.525571987033,
    "engine_ttft_ms_mean": 1400.0439275497276,
    "engine_ttft_ms_min": 507.05883745104074,
    "evidence_coverage_mean": 1.0,
    "fallback_queries": 104,
    "full_hit_queries": 0,
    "missing_evidence_queries": 0,
    "partial_hit_queries": 86,
    "queries": 190,
    "read_amplification_mean": 3.095263157894737,
    "registered_pages": 48,
    "residual_count_mean": 8.321052631578947,
    "server_ttft_ms_max": 6489.52841758728,
    "server_ttft_ms_mean": 3192.0954290189243,
    "server_ttft_ms_min": 1247.9572296142578,
    "submitted_pages": 48,
    "ttft_metric": "server_request_to_first_token_ms",
    "ttft_ms_max": 6489.52841758728,
    "ttft_ms_mean": 3192.0954290189243,
    "ttft_ms_min": 1247.9572296142578,
    "unique_submitted_pages": 48,
    "used_pages": 34,
    "warm_events": 86,
    "warm_page_queries": 86,
    "wasted_submitted_page_rate": 0.2916666666666667,
    "wasted_submitted_pages": 14
  },
  "task_id": "locomo:conv-47"
}
