{
  "attempt": 1,
  "completed_at": "2026-06-11T15:39:50",
  "queries": 260,
  "summary": {
    "background_error_count": 0,
    "baseline_cold_queries": 57,
    "engine_ttft_ms_max": 456.8126918748021,
    "engine_ttft_ms_mean": 259.3999294814869,
    "engine_ttft_ms_min": 93.87247450649738,
    "evidence_coverage_mean": 1.0,
    "fallback_queries": 57,
    "full_hit_queries": 45,
    "missing_evidence_queries": 0,
    "partial_hit_queries": 158,
    "queries": 260,
    "read_amplification_mean": 5.106923076923076,
    "registered_pages": 182,
    "residual_count_mean": 4.630769230769231,
    "server_ttft_ms_max": 1861.1950874328613,
    "server_ttft_ms_mean": 426.59224638572107,
    "server_ttft_ms_min": 142.5340175628662,
    "submitted_pages": 182,
    "ttft_metric": "server_request_to_first_token_ms",
    "ttft_ms_max": 1861.1950874328613,
    "ttft_ms_mean": 426.59224638572107,
    "ttft_ms_min": 142.5340175628662,
    "unique_submitted_pages": 182,
    "used_pages": 88,
    "warm_events": 203,
    "warm_page_queries": 203,
    "wasted_submitted_page_rate": 0.5164835164835165,
    "wasted_submitted_pages": 94
  },
  "task_id": "locomo:conv-42"
}
